11945334;GLOBAL OIL TVER OOO;11939942;B2C DIST
12283920;IP GORDEEV BDF;11939942;B2C DIST
11858336;IP HLESTUNOV P.N.;11939942;B2C DIST
11900612;OOO AE TREJD HOLDING;11939942;B2C DIST
11900657;OOO AKTIV OJL_VOLGOGRAD_Main;11939942;B2C DIST
11858574;OOO ALFA-TORG_STAVROPOL_Main;11939942;B2C DIST
12342315;OOO ALFA_STAVROPOL_BDF1;11939942;B2C DIST
11900621;OOO ANTEK;11939942;B2C DIST
11924749;OOO ARSENAL;11939942;B2C DIST
11900347;OOO ARTAN;11939942;B2C DIST
12112192;OOO Agreman;11939942;B2C DIST
11860075;OOO Argo KomTrans;11939942;B2C DIST
11859616;OOO BESTOIL;11939942;B2C DIST
11858374;OOO BIZNES OIL;11939942;B2C DIST
12418264;OOO CHIMTREJD BDF;11939942;B2C DIST
12344726;OOO DESING-INVEST BDF;11939942;B2C DIST
11900246;OOO DISAIN-M;11939942;B2C DIST
12571964;OOO DIZAIN GRUPP;11939942;B2C DIST
12343798;OOO ELEMENT BDF;11939942;B2C DIST
11858613;OOO ELIT OJL;11939942;B2C DIST
11858729;OOO FIRMA TRAK;11939942;B2C DIST
12472057;OOO FORT;11939942;B2C DIST
11957757;OOO FORVARD;11939942;B2C DIST
12164924;OOO GELION;11939942;B2C DIST
12204062;OOO GERMES;11939942;B2C DIST
12527558;OOO GK RUSOIL;11939942;B2C DIST
11859505;OOO GLOBAL OJL;11939942;B2C DIST
11858585;OOO GLOBUS;11939942;B2C DIST
11900080;OOO INNOVACIA;11939942;B2C DIST
12070126;OOO KARAT;11939942;B2C DIST
12611748;OOO KOMPONENT-S;11939942;B2C DIST
11924836;OOO KVATTRO;11939942;B2C DIST
11858572;OOO MASLODOM;11939942;B2C DIST
11900502;OOO MERIDIAN 135 BDF;11939942;B2C DIST
12605660;OOO NOVYJ BEREG;11939942;B2C DIST
11860024;OOO PARITET-SIBIR;11939942;B2C DIST
12416555;OOO PARTNER-1 BDF;11939942;B2C DIST
11857807;OOO PITER OJL;11939942;B2C DIST
12627540;OOO PRIME;11939942;B2C DIST
11900644;OOO PROFIT SERVIS;11939942;B2C DIST
12671309;OOO PROMYSHLENNYE INNOVATSII;11939942;B2C DIST
12298096;OOO REAL BDF;11939942;B2C DIST
11900142;OOO REGIONALNAA DISTRIBJUTORSKAYA;11939942;B2C DIST
12240931;OOO RESURS;11939942;B2C DIST
11860586;OOO RESURSAVTO;11939942;B2C DIST
12337305;OOO RUSTORG BDF;11939942;B2C DIST
12295777;OOO SALUT BDF;11939942;B2C DIST
11900076;OOO SISTEMA ORT;11939942;B2C DIST
12737164;OOO SMART;11939942;B2C DIST
12416567;OOO SMAZOCHNYE MATERIALY - K BDF;11939942;B2C DIST
12482836;OOO SNABSERVIS;11939942;B2C DIST
12337638;OOO SOROK YARDOV BDF;11939942;B2C DIST
11940391;OOO SYSTEM ORT TOGLIATTI;11939942;B2C DIST
12082012;OOO SYSTEMA ORT PLUS;11939942;B2C DIST
11860628;OOO TANDEM-M;11939942;B2C DIST
12107350;OOO TD AVTOHIT;11939942;B2C DIST
11900141;OOO TD SIBTREJDSERVIS;11939942;B2C DIST
11859140;OOO TORGOVYJ DOM KOMPONENT;11939942;B2C DIST
11900666;OOO TURBIJON-AVTO;11939942;B2C DIST
11900569;OOO VEKTOR-A;11939942;B2C DIST
12342309;OOO VIRAZH BDF;11939942;B2C DIST
11900505;OOO VKT-TREJD;11939942;B2C DIST
12337191;Transprom Smolensk;11939942;B2C DIST
11859114;ZAO AVTO OJL;11939942;B2C DIST
11857879;AO TOSKO;12670241;B2B + B2C DIST
11988125;OOO KAPITAN;12670241;B2B + B2C DIST
11858814;OOO PREMIUM OJL;12670241;B2B + B2C DIST
11859757;OOO PROMSERVICE-KOMI;12670241;B2B + B2C DIST
11858076;OOO TEHNOLOGICESKIJ SERVI;12670241;B2B + B2C DIST
11860442;OOO VOSTOCNYJ POLUS;12670241;B2B + B2C DIST
11922009;AYAKS OOO BDF;11939928;B2B CENT
12285865;OOO AKTIV PROM BDF;11939928;B2B CENT
12717226;OOO ALFA TRADE;11939928;B2B CENT
11858297;OOO AMPRI;11939928;B2B CENT
11858215;OOO ARBITR;11939928;B2B CENT
11858953;OOO AVTOSPETSCENTER;11939928;B2B CENT
11900356;OOO AVTOTRANSOJL;11939928;B2B CENT
11859008;OOO BEST SERVIS;11939928;B2B CENT
11858428;OOO BLAGOVEST OJL;11939928;B2B CENT
11858055;OOO CHAIKA;11939928;B2B CENT
12128163;OOO Contact Severo-Zapad;11939928;B2B CENT
11860457;OOO DUKATSNAB-AVTO;11939928;B2B CENT
12372250;OOO ERSTVAK;11939928;B2B CENT
12770137;OOO EVROKARD;11939928;B2B CENT
11859552;OOO EVROSMAZ;11939928;B2B CENT
11858203;OOO FAKTORIAL;11939928;B2B CENT
11858968;OOO FAVORITOJL;11939928;B2B CENT
11859230;OOO FENIKS-AVTO LEKS;11939928;B2B CENT
11858005;OOO FIRMA STRIM;11939928;B2B CENT
11859267;OOO GK TRAKTORODETAL;11939928;B2B CENT
11859487;OOO INDASTRIAL;11939928;B2B CENT
12483222;OOO INDASTRIAL GROUP;11939928;B2B CENT
12481889;OOO INDASTRIAL-INVEST BDF;11939928;B2B CENT
11860505;OOO INDUSTRIA OJL;11939928;B2B CENT
11900249;OOO INKOR;11939928;B2B CENT
11860459;OOO KAMCATTRANSOJL;11939928;B2B CENT
11858901;OOO KAPRAL;11939928;B2B CENT
11860545;OOO KOMPANIA ATLAS;11939928;B2B CENT
11994851;OOO KRION;11939928;B2B CENT
12124087;OOO Kenigtur;11939928;B2B CENT
12343331;OOO LAZAREV BDF;11939928;B2B CENT
11900438;OOO LEKS INDUSTRIA;11939928;B2B CENT
11900250;OOO MAKON;11939928;B2B CENT
12478905;OOO MERCHANDAYZING GRUPP;11939928;B2B CENT
11858906;OOO MS OJL;11939928;B2B CENT
12141739;OOO NEVSKY BEREG;11939928;B2B CENT
12648932;OOO NORSKEN-OJL;11939928;B2B CENT
12450639;OOO OZERNOE BDF;11939928;B2B CENT
11900536;OOO PASIFIK TRANS;11939928;B2B CENT
11860436;OOO PETROJL;11939928;B2B CENT
12196932;OOO Promyshlenny Tekhnology;11939928;B2B CENT
11858985;OOO RARITET-SUPRIM;11939928;B2B CENT
12245003;OOO SEVERNY ALIANS;11939928;B2B CENT
11857988;OOO SIBINDUSTRITEHMAS;11939928;B2B CENT
11859772;OOO STANDART;11939928;B2B CENT
12351354;OOO STAROIL BDF;11939928;B2B CENT
12644220;OOO STD;11939928;B2B CENT
12149147;OOO Standart-oil;11939928;B2B CENT
11858455;OOO TORGOVY DOM KAPITAN;11939928;B2B CENT
11858646;OOO TORGOVYJ DOM SIBREZERV;11939928;B2B CENT
11859041;OOO TOSKO-PROM;11939928;B2B CENT
11860266;OOO Torgovyi Dom Khlestunov;11939928;B2B CENT
12351355;OOO UNVEST BDF;11939928;B2B CENT
11860575;OOO VLADUAZSERVIS;11939928;B2B CENT
11943106;OOO AVTORUS LOGISTIKA;12575352;B2C-28
12750601;VECTOR AUTO;12575352;B2C-28
12487009;FILIAL CENTR OOO ROLF;12492353;Chrysler-Direct
12429192;OOO ADAMS-MOTORS;12492353;Chrysler-Direct
12528732;OOO AVALUKS SEVER;12492353;Chrysler-Direct
12462367;OOO AVTOCENTER IRBIS;12492353;Chrysler-Direct
12671166;OOO AVTOGERMES BALASHIKHA;12492353;Chrysler-Direct
12690439;OOO AVTOGRAD PLUS;12492353;Chrysler-Direct
12477268;OOO FORUM AVTO NEVA;12492353;Chrysler-Direct
12394968;OOO GENSER SERVICE S2;12492353;Chrysler-Direct
12455111;OOO MEJDZHOR AVTO CENTER;12492353;Chrysler-Direct
12540326;ROLF OOO FILIAL DIAMAND;12492353;Chrysler-Direct
12497721;ATLANT MOTORS OOO;12492354;Chrysler-Regions
12543788;OOO ALYANSMOTORS;12492354;Chrysler-Regions
12473860;OOO AVTOGRAD SOL;12492354;Chrysler-Regions
12676367;OOO AVTOMIR +;12492354;Chrysler-Regions
12485532;OOO AVTOMIR PRIMORYE UG;12492354;Chrysler-Regions
12676750;OOO AVTOMOBILNYI CENTR NA MANEVROVO;12492354;Chrysler-Regions
12711700;OOO CTC AVTOMOBILI;12492354;Chrysler-Regions
12711696;OOO F-AVTO;12492354;Chrysler-Regions
12462217;OOO INTERAVTOCENTR;12492354;Chrysler-Regions
12816352;OOO KARTEL AVTO NOVOKUZNETSK;12492354;Chrysler-Regions
12650413;OOO PLANETA AVTO GRUPP;12492354;Chrysler-Regions
12676872;OOO RV SERVIS KUBAN;12492354;Chrysler-Regions
12574947;OOO SARET AUTO;12492354;Chrysler-Regions
12458949;OOO SATURN-R-AVTO;12492354;Chrysler-Regions
12524787;OOO SOKRAT;12492354;Chrysler-Regions
12487175;OOO TEMP AVTO FKDD;12492354;Chrysler-Regions
12504164;OOO VSK;12492354;Chrysler-Regions
12462441;ООО EKHO-N;12492354;Chrysler-Regions
12623542;OOO OIL MOTOR;12576242;B2C-33
